product_id,product_category_name,product_name_lenght,product_description_lenght,product_photos_qty,product_weight_g,product_length_cm,product_height_cm,product_width_cm
58d3774a824e4875ade353f7e42c2562,moveis_decoracao,38,163,3,29626,80,8,10
d40285b3c374489582c09bfbda2a5e4b,construcao_ferramentas_seguranca,42,212,3,28466,13,20,65
289eafcd123f4ed6a9c7a6251b37d494,papelaria,45,740,3,23423,58,30,58
87e8561ffa9a473a9c056b85ef1a0095,bebes,54,316,6,5782,70,13,34
64a37e7a5df84d879ba7e765191c1ade,construcao_ferramentas_seguranca,44,963,3,27623,63,14,46
b4c1e56352564080acfc4b41d803ba8d,moveis_decoracao,28,111,1,21346,12,14,72
715f8fcbb2a149e7b78c06bd1e898b65,bebes,28,186,2,21145,63,34,64
c999721227e54473a3f7a18922dd7c1a,alimentos,31,565,5,13997,80,33,59
2abb26a412b84dd788881eef69d0c402,cool_stuff,34,290,4,19910,10,41,73
495ccba805fe4e56a0252ecc71b99a8f,telefonia,52,375,4,17996,83,28,14
594b96316a384336b721ea688e7770ee,beleza_saude,56,594,6,12177,24,42,71
1a37d7dc59464caba8d958fffb1bb6bd,esporte_lazer,29,847,6,17349,45,34,76
b8a2cea26c1241b5a9a7024c8755c765,esporte_lazer,53,724,1,8135,70,45,19
7a982ede77eb4817bf450e42fbcb53b8,construcao_ferramentas_seguranca,57,419,5,1829,53,39,11
df9eeac79a6e4b2dbd0f47d23e4819d1,livros_tecnicos,49,624,4,18907,52,31,55
b0dde370772c42398e2541865ee13228,automotivo,38,271,1,22875,86,24,43
bb58c8b8ce9c482ab5eae4d34ed43883,beleza_saude,60,584,5,5640,83,8,47
f33530726a334da9827018ecec23271c,alimentos,21,393,4,2803,26,37,19
05136f1e741f483e84c80789d1bed589,ferramentas_jardim,36,235,5,9306,45,21,11
b6418af4d24444cabee5d391a1c8b4e0,informatica_acessorios,58,278,5,24314,29,47,67
0a3f3a7f51244ffdb026bbf18f2689cc,cool_stuff,31,367,6,7839,72,16,77
4b6962f374ed469b95a464f12549569a,beleza_saude,41,186,2,19614,29,36,62
70d744c4e37d4e1da648bda8d44dddda,eletrodomesticos,35,776,4,23889,91,15,36
4870ab6535f84c7591a65b13a7c0d0ee,papelaria,42,155,6,8763,24,8,31
29159ebc331348c78fac25019ec63635,fashion_bolsas_e_acessorios,45,587,3,15706,78,19,58
70d8171ba29c4deb87012490a2b2ce41,eletrodomesticos,50,368,2,17481,65,5,46
412fa31cd386431cb67b334c62318087,fashion_bolsas_e_acessorios,44,794,3,17475,97,7,22
9f71071860184fe3b81c53089c413aa0,construcao_ferramentas_seguranca,60,462,4,20104,93,22,52
5af580fbb8fa4dd4a4a4be539c3747de,ferramentas_jardim,37,921,1,8467,93,42,60
7d688c3f361b42e3809e190faab0e162,fashion_bolsas_e_acessorios,35,851,6,19391,34,38,53
8231a905322c42ebb8d99d7f2706c535,utilidades_domesticas,40,660,1,22146,11,9,11
42fc8e3032374fe68768e35d86ae3dc4,bebes,26,637,1,22562,67,27,38
b45dc5988daf41c991bcf22a7dde71b3,automotivo,36,297,1,876,89,10,17
61fcffa86cc049518893ccbb1e1d4322,alimentos,33,713,6,4090,100,12,21
05974590f9bd4df8bf74d802660c341b,alimentos,28,484,6,25130,92,41,33
80d8319e457048d39dcf3a6e71d65915,informatica_acessorios,31,359,3,15401,94,9,68
972e5483d8c649e9bafce66b3fa9e273,ferramentas_jardim,47,808,6,25327,51,21,30
91758cfbf0cb433fb383e7278fe0a9d9,esporte_lazer,37,895,1,12643,59,26,17
8dabe03d959f4cf6bbf5ab53f9825614,ferramentas_jardim,36,282,4,2374,72,17,60
de3cf57a225f4fc29a501d6e388acd84,utilidades_domesticas,51,211,2,17815,65,18,23
780d1efc5b5049f68f5f9eac02e40b81,fashion_bolsas_e_acessorios,36,205,1,2489,19,41,42
3825d87560bd464685acc27800189ab3,fashion_bolsas_e_acessorios,21,609,2,21493,91,5,14
5d13bf540f87404d812a904262796450,eletrodomesticos,37,255,6,10907,60,41,10
90e1d2696229437caaad10b3812a97ae,musica,51,589,4,13335,18,39,38
61361b4407974b1f8d2b82fc0114cab4,cama_mesa_banho,44,805,4,4071,82,39,55
f95a543d46a647428963f8d3bfc6299f,brinquedos,39,510,1,20818,92,10,56
c4d9dda5bf4e41f1a445392355f50995,construcao_ferramentas_seguranca,41,182,4,25018,47,46,35
72a745f8795e4ecba9e53624701d515b,utilidades_domesticas,55,140,4,21750,34,24,59
3c0691856e81472a8d34fcd77d2c4d68,informatica_acessorios,60,805,3,16041,20,45,66
af8e732833504d03bae7f618f456aa87,relogios_presentes,28,136,2,931,85,20,72
d2ace543527f43cc8d791adb1b4e5889,eletrodomesticos,24,911,5,21183,49,36,78
75827074d4f5417aab1b11f894462828,fashion_bolsas_e_acessorios,21,137,3,1936,53,7,61
bf9e6116a10844ec82ec1d6373906158,informatica_acessorios,33,926,6,21966,76,34,78
87c8d2b92f1c4ced8e847755084e35e9,moveis_decoracao,57,338,1,1308,28,36,12
456ec8e8dc624ccda6ca9a79d219ad67,livros_tecnicos,59,146,2,23080,93,13,11
abeda5c7fdf141f9abec564426c366a9,utilidades_domesticas,60,151,3,26993,22,34,31
6743b6e39f7a4c069fa7dabc34825155,papelaria,24,937,1,3841,73,43,38
49042d02d2ca46458b49d6d35197981f,esporte_lazer,32,536,3,26691,96,30,51
98202465f6724fd488553c277bf11c2f,informatica_acessorios,56,658,2,10637,37,7,32
965c980b166f4c189b2ca5c57067e06e,brinquedos,24,223,3,4728,63,15,57
3658e676d622492593309cc62931ea1e,construcao_ferramentas_seguranca,30,549,2,19170,15,13,22
a268add130de493b977f5ba2231c2462,alimentos,44,896,2,612,72,10,10
e012549cbba44dd79ee5c0d86c062edc,cama_mesa_banho,31,191,6,21456,85,23,63
3194aee60af14b218427aa1147ee075c,livros_tecnicos,28,311,2,21065,44,38,67
9994980576744af38a2f17dc7c3828ae,bebes,35,278,5,22764,14,43,33
a0818983cf0a437c910efcad4c541cce,livros_tecnicos,59,190,6,27182,48,27,63
56f0c772453a491da8d3a19f4ee36682,cama_mesa_banho,55,341,2,3950,77,11,56
519677f814894bd5b097c9071d13782c,construcao_ferramentas_seguranca,52,324,4,25342,90,47,36
caa89ab5ba9a4acb800da76eb7cc5797,ferramentas_jardim,23,298,1,26203,29,48,70
28730f826b2c45fb8bad05147c76cca4,livros_tecnicos,31,263,6,1512,16,46,56
b65dd19f5678414ab6073589051983d4,automotivo,33,545,3,11054,88,34,15
06083f9d673b4ad7a2f6d6885abfded6,informatica_acessorios,23,650,2,5278,13,36,75
3aea514db8d84ae6895504cf002a54a1,informatica_acessorios,24,340,6,14675,85,42,51
f468f447493942d3bede649b038255d1,bebes,32,865,6,29537,51,19,24
9adfd89ef8744aff9cce14e63b1cb7a8,brinquedos,34,200,2,24274,62,17,58
ebed86afdec841e99c9e1f130ae95b81,telefonia,24,582,5,15973,16,32,28
1cf5bb483f31433d9ecbb7e7e473ed6e,relogios_presentes,59,565,2,12792,57,13,68
30a7652868a949038e4210780f053e54,relogios_presentes,60,467,3,6726,52,13,14
aa91c81f8da54e0f83c314fcb1f353e4,papelaria,23,387,2,3740,69,34,63
dd3c7a709bc744f08474e26db69a347a,utilidades_domesticas,41,325,3,19879,30,45,31
ed11c380ab544eccb446da5920ec7a20,papelaria,55,975,2,2933,62,38,72
1225cd6747ea473fa5ffede327a98031,relogios_presentes,57,584,4,9247,11,32,41
5094db280c994247b8c4ee6054d7d42f,telefonia,40,544,5,7387,85,14,10
fd60f24406bc4516ae3cf3e170f64616,bebes,22,141,4,24134,74,7,64
0e6a9991440947c4a3e26c07e67a586b,musica,45,590,6,27012,22,33,73
4856074b8ced4773a276a152f426b8d0,telefonia,25,671,1,22813,62,18,26
1e0132ce404c44b0a383247903aa5c1a,cool_stuff,38,344,6,3073,12,35,49
452df997f96145d3997ccced88577a3c,utilidades_domesticas,49,978,5,24587,84,6,68
57dd377171a04725a15edab8ba370ca0,fashion_bolsas_e_acessorios,28,995,6,13382,33,28,69
9dd8e2fdf3fb48cab66a5da98fd6d393,cama_mesa_banho,60,172,4,29376,98,26,77
62ebad374c3b4cb9ac93c6cc87956b55,beleza_saude,38,536,3,22973,88,39,36
1807801cd0264f4d9e912bc312635964,esporte_lazer,59,443,6,1896,75,48,56
ed40177b673544c0ac30d2f91c77833e,beleza_saude,27,492,3,15348,89,7,56
5effba4df7d04d608d1f03ff4d071145,cool_stuff,31,763,5,23197,18,40,36
5536224e161f4f0996e2a08e759482ab,moveis_decoracao,41,344,5,3821,93,35,36
5d06ce322e904a0abd9d7979155dc567,telefonia,40,461,3,16600,97,32,45
61d58aa97fa44c499b9ad4a5069e66ac,beleza_saude,24,481,3,14924,72,37,77
27c52f1ebe54450481ddba8c431bd63d,informatica_acessorios,50,826,5,22326,78,23,67
d977b3e2e03d4a81b2bf0f684dac8892,alimentos,43,919,6,22815,18,17,68
214d0b95a0be40498a566a141e399d21,esporte_lazer,25,500,2,9549,19,11,31
aa6236cda31d4490b328f9d0269811a3,ferramentas_jardim,27,813,2,16363,29,18,76
2de9304c390049779a5143f2077e4338,cama_mesa_banho,38,526,6,17841,26,35,54
1099042fa5264f069e81385e2eb4a1c6,bebes,48,855,6,803,47,17,18
93f43c9097e44731a813b33c30e9a544,cama_mesa_banho,34,954,5,21224,52,31,53
ce1ac5bf21f84a08896ce96256b67d5b,brinquedos,51,707,6,22934,77,40,66
409cc3539e7d482494c145247cf84036,fashion_bolsas_e_acessorios,39,680,2,29534,49,15,43
9b7e56c1f5fa4e6f9b66f06d55b3abce,telefonia,50,480,3,25323,16,14,55
1bf2439e852b4c9c8fb8b88c93fa9836,automotivo,49,270,5,5368,78,23,33
50141b8b3afa44ff849c34c4241c3dad,utilidades_domesticas,29,265,2,3931,15,25,26
9c32db437b42486e9018b34fdfec3d90,fashion_bolsas_e_acessorios,36,478,2,6822,81,50,14
3d273151eba14b2cb37b7df60c2ae628,brinquedos,42,251,3,14794,79,15,78
a1d03273bf184603a21e44008273bbbb,automotivo,27,125,4,16464,28,34,50
69964005cf0d4272aac45af907b28ac7,moveis_decoracao,20,856,5,16726,52,46,47
7e1c53efbb2142faa1e469ae86775a1e,livros_tecnicos,38,872,5,21952,28,41,66
2ebbcf6671dc445a8d96b59feaf7f1a2,brinquedos,27,849,4,29596,15,13,80
5d518c85c07c46e89172aff041650f39,informatica_acessorios,39,125,4,20334,38,33,55
dd8b063ddf714efd8d16dc1cd50d3560,esporte_lazer,40,156,5,21114,34,42,77
4b316772b6e74132879524f6492adf88,telefonia,37,300,1,2839,78,33,21
2e17a93879814168b1c4865c68020a65,musica,45,299,4,10512,87,43,75
f1c2afdff05a4da6ba4057b64711d33a,beleza_saude,43,507,2,23560,64,28,59
1e6e53a442cf43d9b4044b80bc2c9938,cool_stuff,20,391,3,11613,49,33,21
f13474be59054efaa78b4f42972311c0,relogios_presentes,48,859,4,26435,66,23,30
f1f231677cff44ed93106bda6216a875,bebes,46,242,5,19693,21,14,36
10b622bd41c6472884b2331d4ef0b57a,automotivo,50,988,5,11090,18,42,58
7656be8e352344d3af47d93033da26d1,esporte_lazer,20,519,6,9056,63,16,69
07121712c34242c8b3f87b1f4e6bd8ed,papelaria,28,304,2,27372,58,23,80
86a02072b24d447d91f6dbd9682abe3e,livros_tecnicos,22,942,3,27447,84,24,73
b82db1cd79e947b49bbd0d5b582d2b07,construcao_ferramentas_seguranca,49,329,1,26026,10,14,43
aceeb36cf46747fcb189c2dd1edc9936,automotivo,60,954,6,15584,25,46,46
4f7417ceac5b44cd862e7074813c3acd,bebes,31,603,6,21228,41,6,25
1f5220cdb20f42158f6a49e7c3a701b0,ferramentas_jardim,51,168,5,24530,56,42,71
0fe7ba9b529443b1a91fcf8e1895fbfc,papelaria,47,989,3,20678,97,35,25
c0d08c47e7b447c2873cc101f0f62237,cool_stuff,52,850,5,674,43,15,17
e4c36b09020941eba2510b2210e03557,moveis_decoracao,40,572,6,4539,55,15,16
3b2d1320cd6b4c52af328f8132606e3f,ferramentas_jardim,43,529,6,29987,55,8,47
e73daff2679c4f96a01da6303a5154ec,automotivo,53,754,1,16938,34,45,33
ed4cceacd8d344f6a9ae724498da77a8,informatica_acessorios,58,870,2,17916,51,25,48
5c18452f37c34be29a6019dcd261f722,ferramentas_jardim,43,198,5,19106,55,14,11
62697fe011964a59af24a18690661400,moveis_decoracao,53,388,3,25619,72,31,53
35614561d378476d8dfe6e032b85f71b,utilidades_domesticas,26,323,2,16594,38,17,77
19331584b63845369fbbb08a42ce07fb,construcao_ferramentas_seguranca,55,819,1,13775,68,9,24
1bd0a7d267a44cd6bb9d2aae4ff70a82,moveis_decoracao,21,591,3,10309,98,28,27
06584ccf68b9493991a8e0f8deed7b01,fashion_bolsas_e_acessorios,58,635,3,5742,100,24,13
9bccaeb9d87d4e16bbc6471b14354042,informatica_acessorios,34,231,6,4764,98,19,49
0266b94ebc834605b1b2782211ea6c8a,moveis_decoracao,33,233,1,14020,98,12,19
f6486a3cc31840bab091e1f01d53ac98,cama_mesa_banho,50,875,4,1493,35,11,14
9a6ef8f0b7ce4b23b29154811a0c082d,musica,57,160,4,3996,42,7,18
01f22805b55541f4a173560820112455,automotivo,20,872,1,25736,25,43,36
0115baffe154472ab3d31a521f31c85b,papelaria,32,289,6,11619,13,10,28
81162c4c27324d63ab3f0c02ed6d6b3d,ferramentas_jardim,57,456,3,5361,74,44,40
ecd0f60466cd4d1a8c9f59c31997b41d,musica,56,169,1,26956,84,5,77
7a6451494e6445189c1c86dcf170f7dc,relogios_presentes,32,388,2,29645,78,5,22
b933d4e00de449c6aa76dbbe15175232,relogios_presentes,52,971,6,15655,56,49,33
57a4ae6e3a5f4b0680de8fda24713aef,fashion_bolsas_e_acessorios,26,285,3,12539,64,18,75
2738ed594a004d11ac1835f2a7a9a6f2,telefonia,46,215,3,4150,69,12,76
e9025a4c34c14f5c9f2feb15fe407a7c,moveis_decoracao,51,880,3,23192,46,40,15
27c857c4aefa41458ac1c0102ac4f70f,esporte_lazer,40,605,1,12708,46,34,49
a27c899e3a874e368e4d8e18ca293ca9,fashion_bolsas_e_acessorios,34,667,4,9622,64,17,18
999de907bc034305a297d591243aa39b,livros_tecnicos,43,283,1,22190,72,48,23
3608a23dc7eb4e43b425230616d41179,eletrodomesticos,48,635,6,22268,20,12,28
657cac79eb034495be4fe1c73daceb7d,eletrodomesticos,45,811,5,3433,31,9,56
90122a4cd50645ec914b58ebc6c2ffad,relogios_presentes,41,305,5,27757,61,12,39
741d607f93e3431a96487055c0f6af6f,bebes,51,385,6,25199,84,42,44
7413885cbb5c4c7fb46168449fab42f5,eletrodomesticos,42,587,6,19864,61,36,75
0f541cfabc3b4ebfb041f1f7dda86264,ferramentas_jardim,29,886,4,3640,25,21,72
bb12639c66b344bfa3e19996115b1edc,livros_tecnicos,34,743,2,1073,22,8,18
c75bf34d09e946ba8d9abef86d2c99dd,livros_tecnicos,21,283,4,19911,96,25,29
5d1b9a0a773f457c8ec371674c764ae1,automotivo,59,738,1,25009,19,47,76
a69fa4d2cf16473a8c9f327ae723c61e,livros_tecnicos,49,306,3,21795,73,36,74
fd98286802e146058a04e24dd1e0260b,ferramentas_jardim,54,451,5,18011,12,7,65
f44c719509cd42d5bcbfadde9541e022,informatica_acessorios,44,560,3,28046,58,33,68
7a382564bbd7470590adc10ad62123f6,beleza_saude,22,281,5,21707,48,50,31
408bcffedcca4a578cf04e32d7c7a105,livros_tecnicos,47,237,3,23552,59,36,24
71034201070c4005bac9e733001bb09d,papelaria,51,775,5,22558,79,41,70
170e40c6e862416e8f14a8fecf361301,livros_tecnicos,55,974,2,16703,17,30,43
6add25fc658444fc987e103e4fc0a337,livros_tecnicos,57,486,5,22267,55,23,51
769f9973fce9444e97e7209b6a13c04d,beleza_saude,21,704,1,4300,56,27,13
8b805aeb814348f084691b5bb6d4454f,brinquedos,44,199,4,11409,55,31,54
e175cc133ff94a7483a3d11c8cb09e0c,beleza_saude,35,353,2,21336,49,42,20
ae34f9befaab4402b17adcaba905fe98,esporte_lazer,39,217,3,5663,12,39,51
7c301754320246d1831d96d78089698f,beleza_saude,49,773,4,18713,75,31,44
10efb3dfda1c439ba4f87586400c6202,cama_mesa_banho,50,702,1,10471,58,41,59
e069742c90684df4927a89e29fd4ce69,brinquedos,56,200,4,3378,98,48,36
f93f9a53e4da448cbf4fd78ad9f5ae0d,brinquedos,51,614,6,11226,31,44,48
4d7813d5bbc24933bd2d11065c790de8,cool_stuff,47,306,4,20922,19,39,37
d949480dc2c74f53b63db17c6d2fe504,automotivo,36,148,3,18893,61,19,21
1978d9c018bd4ff8ba173add73ec88e7,papelaria,26,706,3,9057,18,41,77
fb47877844c94e5eb660e1f4ce39ec26,livros_tecnicos,47,314,3,26171,19,46,48
791832596f65494588ba1b75296917f2,musica,39,543,6,17793,50,17,63
13b5620470ae480cb5f538bebde9f66f,eletrodomesticos,36,739,5,14951,95,40,33
b2a4c5bc18314d269af230441da23c35,cama_mesa_banho,60,820,5,28369,33,41,73
07e9b28f90174f148be45dba7782ec98,relogios_presentes,49,374,6,17556,88,32,17
d44f04b1f5a24d698901e09fbe76b2c2,musica,32,473,4,4941,40,14,48
10f4d49b65214d97b941c742f8126f4e,bebes,46,426,1,20872,36,31,44
477973b007614bd0a7443a6241bb69ad,automotivo,30,362,6,19801,40,30,40
b4d7ce7c115d4e41b32ac7d66b8e47b0,informatica_acessorios,29,296,1,8147,49,34,72
215d685c278c49e1896ff43b7da09d6a,construcao_ferramentas_seguranca,47,532,6,29776,14,17,30
fd643d91a6214481955e3d5a92aafbc1,ferramentas_jardim,28,129,3,25975,45,47,80
3f9106eac17946fb960e0f6b8bb4f629,utilidades_domesticas,22,839,4,25732,12,8,20
9182910aabe34645831084def356140d,brinquedos,58,405,1,29610,62,28,21
58980aa98b114566a7e42794f3d9b312,eletrodomesticos,28,341,1,18809,74,12,76
b763a1c7e4914bd990ba0ec43cc7215b,papelaria,53,357,4,29085,21,20,25
fe63f03924504a9b923cf03f3e61277b,brinquedos,41,952,5,24257,59,20,64
55a96827469e4960a24cd2bab28d02a7,relogios_presentes,29,209,2,7115,45,33,62
5052627178144517808e040e04283b42,ferramentas_jardim,57,157,4,17580,57,49,24
144373bde73d4db3beeb13ee876c0679,brinquedos,54,533,4,22471,41,22,28
2e8c3aaf232a4cc7950d6ce065b42a8f,cool_stuff,50,832,3,27014,49,6,14
952a9fbb600e48a695d337618369fa68,beleza_saude,35,359,5,12705,49,45,56
2fb27761838b49e3be31c6d23b790093,informatica_acessorios,54,987,2,28203,66,29,11
ae7b774155de4800b3aa69dbafa31e8c,eletrodomesticos,36,408,1,27058,40,24,36
b09777ea41e6427a8c7014463fa1b2da,utilidades_domesticas,48,746,3,28918,92,31,14
106c424a7695492295b773c4d6886a9f,ferramentas_jardim,25,942,4,15536,62,26,64
abe93bd0ce9c4758818a615e60a2c8cf,informatica_acessorios,30,815,3,16691,18,27,63
64a7f933f83e4a778695cbc3f0881129,alimentos,55,855,3,14952,98,6,16
717310eca2fb4f199fe465e5e31a0f15,utilidades_domesticas,60,554,6,4559,10,30,35
c403dff769fc4ad2bca38f1e1697e6e7,automotivo,40,689,1,3731,30,20,76
2c65eb7f0f07475b80ae17c28e9c93fe,moveis_decoracao,58,802,4,26073,50,33,71
45ce33631e694ce2bd935fd69f295911,moveis_decoracao,36,277,6,19532,51,23,35
5777f4c491d844b98ed68bbf8cd0669b,esporte_lazer,46,476,2,12994,58,41,38
d7955f9433744dde80a6024fda0c8918,cama_mesa_banho,21,671,6,20154,90,19,21
fe7637ff72f54079aa5fc591e0c230ee,fashion_bolsas_e_acessorios,32,368,6,28012,31,8,61
9b21ee70a3d540d198e2d23b52033f69,alimentos,47,714,3,4990,21,28,31
0a36b05a0ad74b0d9fa1db065beedc03,papelaria,27,114,6,17330,65,34,73
46583aff915c47b0bf34e7eb00a5d044,informatica_acessorios,34,830,2,6343,44,23,73
dfbaaf46f57f46c3ae28cf44e9138353,eletrodomesticos,28,541,2,19763,37,23,34
52df4868bfa74004a20d02e302471c5d,bebes,31,518,2,1042,47,21,40
5c24d4ca27684e5fbe802692c05856df,alimentos,48,354,3,19200,97,46,68
41b3e2f520584887a070dcb3cebbd54b,esporte_lazer,20,580,2,28655,51,49,60
c356f35544584b76b9638fbdeea2334d,relogios_presentes,44,825,4,24220,86,21,19
5ad5b95f93ae4beaa89a61139f005d91,informatica_acessorios,55,160,1,11007,40,35,55
fbec0bcfa8474c72aa0543e152025bf0,alimentos,58,826,6,26637,15,5,42
1f79b1d97cc64773a879f0faa77e1a93,musica,59,490,3,13033,95,28,26
c4d957ef6ebf4abbbdef7688eb8dce6c,construcao_ferramentas_seguranca,22,694,2,8629,31,37,73
b3268f3c42fb4712bdf706bf4bacb78d,brinquedos,49,235,1,10497,100,38,65
b1c6e450a48244abb1e0c4b9d70e42bd,moveis_decoracao,36,219,3,1547,26,36,45
2ca31fe62407418f8fab8b48c4da4803,cool_stuff,47,389,3,20184,43,38,50
b0bbd0db9ae44ccc9b3ce990e5538353,bebes,30,423,6,16198,29,40,66
7a65fbe335334cc8b939c38e6e112464,beleza_saude,32,252,1,7632,33,7,70
52a017f2dc664d2ebc991e7564711098,ferramentas_jardim,30,822,4,14400,24,36,15
9f103d5a2e234b86bcc77b35dff6e1cb,fashion_bolsas_e_acessorios,42,826,5,15999,68,36,24
0f11519f1ec24dc69d18448e3e2d0546,moveis_decoracao,27,457,1,6775,46,16,31
fe35a46a96e14cd4aa9a7680f351dc7a,musica,37,676,6,19291,37,42,10
f7c7451455f94e3bbf7e0c50c94f949d,musica,56,284,4,2617,41,36,22
5b641f7691a44e318a9f7b087b5559e8,brinquedos,21,391,6,22403,25,30,57
f63ca1e7bf09478ab592aa5c9250eef4,papelaria,26,957,3,5138,13,10,68
78d9be573cf6402c97dd27a5a9317b83,livros_tecnicos,49,743,3,19570,94,5,52
622a5d7e4f6240989f973b4b9a958280,beleza_saude,59,563,3,24071,82,13,37
8b534327bd894052bb4eb5813401b518,beleza_saude,38,430,1,24472,19,40,58
c7dc3e181d7a4789b5e80aa82d10716c,esporte_lazer,45,361,2,7966,61,10,12
aa26d484862b4d718147535d8617ad21,relogios_presentes,30,497,4,9436,92,46,29
3b7e458d46af4ee1805a1c4ceb3b78fc,informatica_acessorios,39,602,4,24213,49,48,26
647cd4d656c5433a8d53d753847a7db7,cool_stuff,26,952,3,16898,35,36,67
447e9507b9c24e2f9e88a25c2dd100c6,eletrodomesticos,50,374,5,19771,64,10,64
2a3ef00b3df64065bc62d29a6ba03ef8,cool_stuff,59,290,4,20766,64,10,15
ff2f1a4c6a0c4b599c28222502324a3a,musica,41,574,6,7447,92,48,29
6aaa9ab9ea434f11a65211ead1f16917,livros_tecnicos,53,744,6,17292,20,23,69
83bec187a149465f90613127615f5318,bebes,25,920,4,9943,29,13,48
eaec3857bf9f45bda21312641c4daacb,telefonia,53,537,3,18729,16,40,19
ea276e6a148c483090cbd9ea69af541d,beleza_saude,52,210,5,14023,62,11,69
b832037fbc5b4e28b83e671713e38c40,papelaria,36,463,3,19287,20,37,12
a1473acb347b4210a7b28cd6f3031b22,informatica_acessorios,49,283,2,27720,60,7,20
1949e64effdb4dc0aa704e21b5694521,bebes,39,421,5,23827,68,47,67
ded152385bc14c758f625429b5a30257,alimentos,36,449,2,7016,33,10,43
cae9476ed0064f25a1c89a9a6998cf6f,informatica_acessorios,47,647,1,291,60,12,11
1dc1f53320a840078cf311feeff78f35,utilidades_domesticas,50,571,6,13374,94,43,72
2be874993aa849908fcf048f9e739f99,automotivo,59,932,5,11920,98,48,60
4a8a5b97f3404ff88d75a574a9f37eb6,automotivo,25,228,2,554,34,12,12
93b72aaf97d5434b9dea6f4be4535a05,relogios_presentes,21,314,4,21354,28,46,40
256e0e4a822342a0aa75ba48767b6ef9,bebes,60,978,5,6355,21,24,69
a3a18ebbc89f4dbca6b37d6b636310d5,moveis_decoracao,50,532,1,3916,31,14,66
6d1925e1d2c6488db731ae0923c3af4a,livros_tecnicos,50,120,4,19276,41,17,47
d56a3e66dfaa490287d0cb457d3b5d6b,papelaria,45,152,3,358,23,45,65
cab6b39aaf8d47caaa7cfd1fd73280ee,bebes,51,854,5,19624,80,23,14
57aacf63178445eda106da725977aedc,livros_tecnicos,45,597,5,19467,88,48,72
2bc2dee74c644c8caefb61f7d2f6229c,telefonia,23,640,1,13928,83,25,80
486cb8168cab443ea9f852ea0b21de7c,esporte_lazer,37,763,4,29235,70,12,73
7e0daa8c245945848a97c07852f3b64a,alimentos,42,559,6,14394,12,15,46
c8180eb349da42f1bb7f1ca6ea6c1605,relogios_presentes,50,452,4,7705,74,19,53
109f64ab03e54437b6371d39d9a1daf5,alimentos,49,234,3,23791,59,31,56
0d4b96aea98c4ee9b2390c677d044215,livros_tecnicos,30,736,2,9355,98,10,71
a418d83e38794224b66f6564ba2320c2,moveis_decoracao,31,304,2,19949,72,11,63
7141a5e6511e47d6b20d8899180489f8,livros_tecnicos,39,340,2,18346,16,6,55
11d1fb71cf4146488b65cfced915569c,ferramentas_jardim,42,793,2,5825,74,7,18
4711cbc8b7e44a3794222a3e2d31624a,brinquedos,47,216,5,7528,25,40,38
6b7a12126c6e4cdaaedb80b22e540ebf,livros_tecnicos,36,448,3,25310,15,40,44
c56a42ac8ea2463892581b6f8f6ec5bf,moveis_decoracao,52,718,6,3512,100,8,66
e921f5df34fa4ece817c6ce6f0f92ca2,fashion_bolsas_e_acessorios,27,208,5,20077,23,40,15
7e0db5a539974f4280190484c9fd0155,musica,26,271,6,3968,36,28,30
9c6e85aa02a94425ac21eae0d0ed4818,automotivo,48,880,5,16431,22,14,56
043293adcf38462cb9597edd805ab06a,brinquedos,28,225,2,14488,63,5,41
cbe889a8f84b4732ad4245235fc12f99,livros_tecnicos,41,393,5,5711,20,22,57
28ecff4a57ae43358d4ac79bc05a012d,bebes,43,744,6,8142,29,38,63
fe913ed101b743e597a5d16503354ad0,telefonia,28,921,4,13646,62,34,76
4bb78c9d08af46d8965019e1213fce32,cool_stuff,21,553,2,25336,11,50,76
7e194902d1cd457a8c87c4ed3ceadc72,esporte_lazer,25,446,3,13261,31,32,17
17c966a0bb624ca18be75d8363c3377f,eletrodomesticos,22,776,6,5046,83,8,76
29940deab59c4de79e02ae886da9e958,automotivo,46,511,6,23063,80,24,50
35bd220819184bb6b20d5d05c056c69c,cool_stuff,20,946,3,29598,77,44,28
7f5850d9da05468d937ef87abe925a74,eletrodomesticos,48,759,2,29184,79,44,66
99fc5f5da51e453e8ad81260997b4224,cool_stuff,45,894,2,28967,48,10,14
5dd65aca91714078b4cad52f4d84a3f0,construcao_ferramentas_seguranca,41,499,6,23656,26,38,79
e6022a6b07334d109351d9ec9bef72e8,automotivo,33,195,5,18180,49,38,53
d8b38d83dc6e49688efbc74b8f0ceac1,utilidades_domesticas,21,128,5,19515,43,20,48
154ceda27ebc4a5381ed14f65d1649af,bebes,52,213,6,2064,57,21,74
65b500f5a0c94415a76a52b94b1df2b0,cool_stuff,27,148,6,4187,67,24,10
47466f4f111a4eda8420fecb45838d55,fashion_bolsas_e_acessorios,41,341,6,19157,82,50,78
041d63f1458c45c79159b8aa7a5755ee,alimentos,34,458,3,9423,95,50,27
ae736403c0a9471d88914a4061c9faf9,eletrodomesticos,53,855,2,3548,51,38,34
4a3f917dfd914679b73fc6c1d07cf5d9,cool_stuff,49,200,2,23419,64,31,20
c1c32121290949a8b266eeb32246b860,esporte_lazer,23,535,2,15705,37,33,19
75d582844c224607bf0f11cfd27b0de6,cool_stuff,53,512,5,18416,76,30,43
4662af5ca3374104b8f0b1e0cb3ac8ff,papelaria,51,751,4,14520,98,36,63
8184d2889b8249188e3cdb631e6f0f1d,utilidades_domesticas,29,617,2,15984,68,13,75
aae7804ecd4e4800a4ba6983c5f5a45c,musica,27,811,2,15023,70,7,30
687d20f18d104f3a8c6910948b1d565f,construcao_ferramentas_seguranca,43,221,5,28028,62,12,25
1df5bc95c60c44a9be523b9e76d373ce,cool_stuff,56,396,1,17230,29,12,57
50cac6b59a0e4b6087656ae7e4510966,automotivo,43,410,3,16022,13,14,28
98f65e0046e44a3fb09ba6a042ff9acd,papelaria,46,149,3,29232,46,18,33
6d02158923414d359f80c9979ffc7c8d,livros_tecnicos,20,225,5,11524,18,7,63
3839d5a7bb1746d69c6b54964be63093,livros_tecnicos,56,417,5,14923,53,29,70
0b42ea04e034458dad549a572f04271e,alimentos,28,880,2,16640,91,34,67
54cf374fcafe427b886b539a032a810c,fashion_bolsas_e_acessorios,29,987,6,10756,21,44,62
7257cb54349b46578fcb4f96b744a632,eletrodomesticos,34,504,3,17827,15,47,66
82f5a6c21adc40819f94a4232f74d795,ferramentas_jardim,25,986,2,23273,13,41,49
9059f3b6499f4ccd98c30b155a98d444,construcao_ferramentas_seguranca,27,759,5,2890,34,44,79
1b01bb249a774a158b81718005ffc641,papelaria,23,683,5,6306,70,37,12
76a4d6f43ba84ab79afc87a43dc092fa,informatica_acessorios,54,284,1,9109,36,20,66
ef748bfc8b2c4cf8bd4984e59592a59a,esporte_lazer,54,721,3,13266,85,7,72
1979c711d0234b49865a19df3b23953b,cama_mesa_banho,41,547,2,13696,13,38,50
fdeb5ba60a3c489985fd42f4df8da118,eletrodomesticos,36,193,1,3354,79,15,46
48ec2abc18ce43b2b98ecaa503c78b1e,moveis_decoracao,31,361,1,5153,49,31,31
ae5cc3a5b9d9479ca738bfec109c3959,beleza_saude,59,433,2,990,17,24,59
0df793c714314eb9895d8d77529a5626,informatica_acessorios,40,245,4,29362,51,21,58
aaa47c13a7904cdcac0bbc46a5d9045e,informatica_acessorios,23,307,2,24745,86,42,40
4d4bbbf2047a4d499af282ffe0a26235,livros_tecnicos,52,870,5,12717,24,22,17
9976ce60e4fb414794c58da58115556a,brinquedos,49,666,4,2244,71,6,62
4870875ac833428b8829c289b19624b5,telefonia,21,375,5,19307,96,11,41
86f898716b8a44fbacb49c91703760c7,construcao_ferramentas_seguranca,28,411,5,13428,67,10,74
6feed46ba6ca42af9dd17dd002a74a26,relogios_presentes,29,482,5,5611,41,39,64
366fda3b6ed74936a42954207b2cccd3,construcao_ferramentas_seguranca,48,142,1,26728,69,44,47
e1ee41eb51c6475c8f46d214774f6c11,utilidades_domesticas,20,161,4,9055,86,21,58
8a2040eb0fab4d1fba632e8d053f418b,cool_stuff,60,317,5,27647,75,23,15
47b91d2d9d98417c9e5e40502f3b6834,utilidades_domesticas,54,676,1,9951,21,30,25
4213bd86026c40379f9ead860698097b,moveis_decoracao,55,386,4,7009,88,37,50
b6918a225b1046ce9183e748d6ef8167,brinquedos,60,367,6,14934,44,20,51
aa7636c32cc24d2c90fe16595dda3c8b,brinquedos,33,570,5,10862,12,49,27
dcb95f2e2f1f46faa773449aaaf62ae2,cama_mesa_banho,58,587,1,29638,11,48,32
64662f6e1016407ba092f2a2b25b105c,bebes,55,813,6,16122,60,39,20
010c3fbb15604ee2b869c835a8f682e0,esporte_lazer,54,131,6,14687,96,12,55
97366c92d14040b49310a856edfa3da1,eletrodomesticos,58,466,4,5906,99,5,25
6ba769f16529410b9ad2379da4178e70,fashion_bolsas_e_acessorios,43,297,4,406,38,6,45
60cb7e8ec8444d7b9e5d716e007e2fe4,cool_stuff,32,192,5,20587,48,50,38
407bace4f2d54003b513720dd45be8bb,telefonia,51,471,1,9299,73,50,36
12760510aede40eaa9cfe1db4555a3e1,cama_mesa_banho,32,940,6,13078,24,22,74
8da402535eee4ba4ae8a649aacc36dc6,livros_tecnicos,30,665,2,21721,82,48,32
d06b6b0253ae40cca2e67712a234fd29,esporte_lazer,57,231,6,2231,26,21,39
da0287693cc14459a41f44044cdc3862,musica,37,296,6,857,98,48,78
0a5d7efa9a494d20b81ba3890ff1c97a,alimentos,36,797,5,29037,68,5,64
f3f7007540d84d958dd93e95a2d3cb1c,beleza_saude,40,542,4,9079,25,48,76
a0e85f7a074646688f91801c083bcc09,fashion_bolsas_e_acessorios,51,470,5,24971,15,19,16
fbd6afc7d027456fbbf29c5a11a74d8b,ferramentas_jardim,46,645,4,10462,10,30,34
265c4cca0e2b4fbbb5b98df9c000a248,brinquedos,25,685,1,24264,38,49,64
f0e60859ea6644da8a432d7d18abe3e1,esporte_lazer,35,301,2,10888,49,9,22
d2414429392c4d9a9b4746178ca665ae,cama_mesa_banho,50,542,1,19516,90,26,42
dc3cfa5bd501443a8ea68f8df146f9a4,telefonia,26,584,2,11267,16,26,76
12e10d6ada204e62add1555053b985f2,telefonia,24,894,5,20401,66,11,67
b10d56db67cd44a7be54615bd86ccd95,papelaria,27,187,1,1192,58,25,18
7d18566d7bf44412b56513679628802c,moveis_decoracao,23,921,4,1895,48,44,65
ca023894ad954c188166bac1b423a28a,esporte_lazer,26,793,1,18425,16,23,58
c0077e9516954b349dbca6789d317516,eletrodomesticos,26,732,4,7738,86,47,11
e344f60ac26a4166992f6d3fd10f2752,fashion_bolsas_e_acessorios,44,575,4,28933,89,44,22
c425f542b0b44750846bd281c7cf9745,brinquedos,21,564,5,10854,85,17,23
6c663eef7bab4f988e6091027297f26c,informatica_acessorios,20,709,6,2313,85,17,26
f6856553ee59491f8821ecb8d799f7c6,musica,36,463,4,15874,89,33,33
29b77ece18de4a378ee5b1de08951e9a,telefonia,28,916,1,2082,26,24,65
1ee4a77700704b82ac581472d7606bbc,musica,42,418,5,29106,79,14,28
efab06fda3034a63a22b4bc7310a843d,livros_tecnicos,39,717,3,9637,57,5,76
c9ca8c12e38c418785ca90d9cd9a3df2,papelaria,29,158,2,16716,81,8,64
c05c8d7ba4914657bafe57a3d963fbec,cool_stuff,32,305,6,29869,35,9,53
b176a9aa04594da494a62fd4224fe86d,relogios_presentes,50,811,6,15415,86,49,52
acd8d838359749b7809c4023939cf922,papelaria,56,443,5,9918,63,26,30
b5768ec01f5845f6823a992da5b652e2,informatica_acessorios,49,997,1,16350,38,5,38
c55ca075e44b41b7abbe5c736563c118,telefonia,49,738,2,7932,71,26,58
97ee9d7684eb47d49affc1f7a1868758,relogios_presentes,45,288,1,11988,11,9,55
bdccd8e033694f4dae9a03c0b36ad172,cama_mesa_banho,55,217,2,9621,66,17,56
b1e8e949f70d4739b2f6c7ab4c201208,beleza_saude,21,303,2,9409,32,19,43
15379886b696431f99f9b6c3d16bff45,utilidades_domesticas,41,967,5,8159,32,17,12
6458fc89044a4a0486a5cd2a46700d7c,utilidades_domesticas,36,203,1,27344,96,13,58
7e8d2fae2567440a993794643f4801fc,informatica_acessorios,41,315,3,15048,40,28,57
b73ebe57c5f448caa800e9b616dee449,utilidades_domesticas,53,918,5,28990,65,50,18
66b949b75a334792b88ad9ee0bb31a95,informatica_acessorios,29,233,2,6381,78,29,57
a9c4a64603f14ee88abdd5c29f43d3c3,brinquedos,58,539,6,8113,15,44,34
0bd5dbcd74fd4a349c27d2b02a21dfea,construcao_ferramentas_seguranca,38,908,2,10837,41,8,45
c27e407cbf2d42339d5c318608c43306,moveis_decoracao,52,698,4,6956,20,35,18
424dfdc448374a49a1603b5469ea7901,utilidades_domesticas,52,497,6,24713,75,28,73
2504e0014e4848608ea58ddbd91a292e,musica,49,283,3,23446,57,38,71
9330ab52d6de4867af9a7c3d3bd870f9,livros_tecnicos,50,374,5,13238,91,42,14
aad8b3d7934d4165a425706742a6199e,relogios_presentes,34,307,4,28384,40,30,37
e6c5e9251ee24f239a66188849211b60,automotivo,47,486,5,5251,57,21,80
b8c45fdd7ed346958d51c748f17355e6,esporte_lazer,28,869,1,9768,66,38,55
80d6aee1f049427d9a399350385458f1,telefonia,57,142,4,16885,89,26,64
b2d71153f5434a2080617ce9241cbf94,fashion_bolsas_e_acessorios,49,542,4,12142,73,25,44
fea06939a1884fa4b7a39d1ff7c09937,eletrodomesticos,21,283,4,7760,43,46,19
4e823e09017e4a5285ee36d90965821b,cool_stuff,25,401,5,16903,79,46,20
e8eea19f1ef5493ab141c1bde54827a9,ferramentas_jardim,34,200,1,2437,56,7,79
4c0d5ecbf3fb4796b60a37e8e033f275,relogios_presentes,41,301,6,10888,42,24,45
baea7720ee23436a8c277aa59dbac839,relogios_presentes,58,241,6,24342,79,21,11
56696dbfe16a44dd925aa88566b11bbf,automotivo,38,942,3,25761,61,30,11
e1d63b304d23415e9fd8a6e31680ab58,livros_tecnicos,52,879,2,28459,60,19,39
bf5680c1a9b04c2da7321a55eddd0201,relogios_presentes,50,339,5,19334,80,34,69
c6e3a5993f0d4c7d9920d9476d850873,brinquedos,25,420,2,14150,99,31,36
3e287ce47fec436eb79505d507a50d63,fashion_bolsas_e_acessorios,48,973,5,1086,57,13,26
d5b26f1528d940249024dc516da5b547,automotivo,20,611,6,27438,55,26,38
6c4c59b2d761435c825d4d87ffee15fd,bebes,47,802,4,25096,98,39,48
26c0d93f502a48cb8517005b35c04841,brinquedos,57,123,5,25834,14,13,29
acf065723dc54b7e9c46f72907c450c4,brinquedos,56,744,5,20017,83,30,58
1b964315fc1042a6a3512ca453035d12,relogios_presentes,45,165,5,12762,34,35,23
40be1bf9d74a4d738c4535f1fac0a53b,brinquedos,56,562,6,29418,48,10,31
6fafcccbf74f4dadb4f6974099b7bfb8,informatica_acessorios,55,281,1,27181,98,43,72
d63d1758c1d64504ac16623246f55ebf,cama_mesa_banho,31,303,1,29962,59,23,36
c99ca475e8664933b688afb658f3c7f2,telefonia,38,775,5,2393,68,8,57
ef5ede97e3e741a888c1b845adee9001,musica,20,275,3,28270,62,30,30
763cee976ce54bbf8e8698709b8bb2dc,informatica_acessorios,28,649,4,15771,18,29,36
af96de73b49946ba8dc00c7c3bb1dfc8,moveis_decoracao,33,417,4,26900,100,47,70
156421b7a675415190798a2bc1a254b7,utilidades_domesticas,58,688,3,19350,35,37,68
c9d3769c6ae747c68e22d3421171afd2,ferramentas_jardim,32,107,2,14705,18,30,41
50a04309a6e44f3c9578b844fae985d2,musica,41,682,4,15179,69,41,15
503df29707d44b718ac45ebd6ef48d7e,esporte_lazer,38,761,4,11463,99,50,48
e5f68fe687364acbae27b378c17c2a30,eletrodomesticos,59,943,2,13700,41,16,65
21f8f3cbb5f74607a8046ecfc6e27e2b,fashion_bolsas_e_acessorios,44,774,2,22989,82,11,60
b4ef523c877448a58008915b4b2a6016,beleza_saude,35,991,2,9071,90,39,47
c1ac96c1ed8345acac0588926daf4cc7,esporte_lazer,33,605,4,25064,80,12,57
29ca4e1677624224b5014e9350b4b992,esporte_lazer,26,616,3,13538,67,15,42
325c06f6188741a48b65618ed067591e,relogios_presentes,52,145,4,975,19,45,69
e87a22adc3d946c69d6d28f76284f932,eletrodomesticos,41,863,4,28141,34,30,14
5b3490e02ef146a99600ddedd5b8d254,cama_mesa_banho,36,217,6,4572,51,47,69
e747714fe5964397ae93ad7d6e8a8639,livros_tecnicos,49,169,1,18070,94,20,66
f1d54d3b2e1e47e78daf93b33705e581,moveis_decoracao,50,940,3,27676,30,15,12
30a6c1a87bf145b6a832adc466c776b7,alimentos,26,281,3,4168,78,30,31
dd73936cff144abeaac9ca630b157ec3,esporte_lazer,20,793,3,5129,66,27,32
b2ef9bccdf7c4438aed8bb3c0ad21ef5,relogios_presentes,22,791,5,7183,66,49,16
aa0b9e10dbe540749a6b4e6a645bf435,musica,26,499,6,10203,66,8,10
97e10e96c8564e34b8a3f790dbc458e3,beleza_saude,44,885,2,8282,57,20,35
e630ce5e50ea4db18ef43faff9e9b7ed,esporte_lazer,21,531,1,577,53,17,18
0bb64649d889489fbc704f2cebeadfb3,telefonia,26,916,6,5601,31,7,63
c96b69f7d8564a8dab6c988ac705b10c,musica,26,935,3,10673,81,45,34
5e4449706f13400dae2a1230412a2054,alimentos,33,654,4,14120,25,19,37
4951c9338c07475daebddcd8bccb6f24,informatica_acessorios,42,431,2,591,61,46,50
cd0fcd415954423f8fd79e8fdcdb2cee,cama_mesa_banho,44,317,4,7312,18,47,45
8b2cf3b505ff42e3abd9a0bfe1111fbf,alimentos,43,144,1,29114,37,31,48
d55a614d8fa7446787253253a7f92a57,alimentos,51,204,6,17669,82,15,42
f7bc1c0362ed4f859e6de0d69a52992e,informatica_acessorios,58,432,6,22916,59,48,27
ed6da4881a2e41908184a47651cca957,brinquedos,31,750,6,10519,95,35,18
944690eda4654799b3c9b915d9ab1f3f,brinquedos,21,723,5,14809,58,37,39
61de6336afa84510a90525e857521a91,musica,57,821,1,7722,12,44,25
a55d5c0687cd47968a02999cc9a7a41d,automotivo,35,855,4,24913,41,44,20
45d2e55badd04f3c868b6c5ba237e9b6,beleza_saude,28,483,4,9819,35,14,58
e053f8766ee04032b3575e446dac5b88,relogios_presentes,22,343,6,19697,66,26,27
37747c79f7924737980d8584495789b4,ferramentas_jardim,40,759,1,17167,63,46,46
60484444f00a48b382e0e210d29cfb23,cama_mesa_banho,34,967,6,10955,53,20,36
ff48aa904cc849e583cc04dd739c9c81,construcao_ferramentas_seguranca,23,780,2,26361,97,49,38
8eefb94b86d24bb4b1270bc81294e951,alimentos,44,633,3,6114,66,45,10
bcbe6a5077684ac78974369c5b60f019,esporte_lazer,51,171,2,1807,91,14,36
ee8619918c4e4488a72babbc0c099530,moveis_decoracao,25,277,5,18084,36,20,74
48a237f4fb924ea4872c138caa7e1fd8,esporte_lazer,47,842,4,10306,31,17,41
228a472003c645ee8cbe3bc82a2f56e1,bebes,31,720,2,10032,46,41,67
82a7fd7b8ef04a64af5bed14676598e2,relogios_presentes,37,983,4,2721,56,30,58
d56ce0763de745549fc300a5a81c3784,utilidades_domesticas,50,551,4,16657,88,32,29
b975c949176544b9812a9c406af8657d,livros_tecnicos,21,880,4,14104,20,24,78
50a68e34f1314b57a59868c91b34b407,moveis_decoracao,55,844,2,8530,58,34,49
533247170bb44181a5b0d81a7c76d12b,fashion_bolsas_e_acessorios,38,484,5,19958,71,9,52
2a0186ea1841459795f43b2571c617da,moveis_decoracao,50,300,2,6313,10,5,74
af24562d80f14366962c7688e7edad8c,cool_stuff,51,514,4,13031,57,29,72
6525e1dbb2c14e4a86bdbfa4c01ce3a3,automotivo,57,172,4,29099,14,12,59
4b5e19618943492c90b76ed98f7e950f,papelaria,30,298,4,8464,54,37,72
d5994b4970d147a7b143121754f828cf,cool_stuff,23,766,4,13994,41,20,71
7fb32cf43829475c8e8583522ef3475f,beleza_saude,43,746,6,22265,13,49,28
b11bb44afee845af8dd79c4b1baf1068,ferramentas_jardim,58,566,6,4928,42,20,30
20b1ae89354c472ea2e953b490654df0,cama_mesa_banho,27,889,1,21215,59,30,20
aa0481df73b14d6faf3a1966ac038315,musica,32,997,4,5533,64,21,48
ac638c26b3214a9ab5b2d63af3115c11,musica,54,774,4,19304,49,31,21
623d55d80e77455789407f804f4affcb,informatica_acessorios,60,686,3,26780,28,22,36
a81ed9b1bd364ae487fb0033db21faa2,eletrodomesticos,39,106,2,26851,72,5,22
298c7669f2704b52b3941dd3b2356ec7,esporte_lazer,46,637,4,21547,46,32,31
b2fc528ed45e4558aca40db3c30b8031,utilidades_domesticas,43,290,6,4501,35,36,33
ec9499a9dd4b4c779697bc821725010f,musica,27,561,5,26785,37,16,35
1a4e37dcd8d948ef8b4230f92e4af5f5,beleza_saude,31,928,2,8598,62,33,23
ae80bdeb3d724f59ad6e7a8cf8ca70d7,utilidades_domesticas,25,400,1,12477,25,22,18
6c5e8686c9b44fbf8e618db1777ffb89,brinquedos,21,699,2,15759,72,48,22
360d626672e4436ab3158b7e51be6121,cama_mesa_banho,23,372,1,21901,84,7,22
f8187a6f5e5444a1bc8233f49f3c7b52,relogios_presentes,53,910,1,12409,87,38,44
71bc6c7a93434249ba184fc0deed29cb,livros_tecnicos,50,875,3,19904,64,26,57
557a8e70e8a04733a151a5fbfa212932,brinquedos,40,936,2,11936,95,30,58
cfc0d0802d864e4a84609a2e8715660e,alimentos,23,464,3,26519,22,5,68
e22f751c877248548c3b90a087c05cd3,eletrodomesticos,28,126,5,4127,77,22,41
0c30ef21721c455b92b75265008ca190,cool_stuff,48,733,6,21690,70,37,62
f682c4dc1c634c20b8d364ef0d7f4d01,relogios_presentes,20,753,3,644,91,28,15
4beb892a174947cba8b8eae52cbfeba6,brinquedos,48,339,5,15977,61,44,20
3033001efc094d59a3e9e1c8b910e328,cool_stuff,47,587,6,28185,99,11,59
07eb460ed5e344f4afa85acd738baa82,automotivo,58,299,6,4791,76,41,74
